,Recall_score,Auc_score
ecoli,0.7819948107448107,0.9631067088403705
flags,0.5732539682539683,0.8972087189484637
glass,0.735109668109668,0.9290069792198452
haberman,0.5427639008588666,0.6478957227830227
heart-statlog,0.824741439116439,0.8939801093967761
