,Matriz,Recall,Roc_Auc,Accuracy,Diversidad PCD
Resultados PF,"[[ 0  5  8]
 [12 82  3]
 [ 6  3 87]]",0.5838702749140894,0.8902546446512751,0.8203883495145631,0.470873786407767
Resultados RF,"[[ 0  1 12]
 [10 86  1]
 [ 6  3 87]]",0.5976159793814433,0.8897577356885277,0.8398058252427184,0.4563106796116505
