,Matriz,Recall,Roc_Auc,Accuracy,Diversidad PCD
Resultados PF,"[[16  0  0]
 [ 0 17  1]
 [ 0  2 13]]",0.937037037037037,0.9937451683182233,0.9387755102040817,0.20408163265306123
Resultados RF,"[[16  0  0]
 [ 0 17  1]
 [ 0  2 13]]",0.937037037037037,0.9937451683182233,0.9387755102040817,0.14285714285714285
