,Matriz,Recall,Roc_Auc,Accuracy,Diversidad PCD
Resultados PF,"[[121   0   9   0]
 [ 21   0   0   0]
 [ 44   0 350   0]
 [ 16   0   0   9]]",0.5447735259664194,0.9848311930459301,0.8333333333333334,0.10089916710969335
Resultados RF,"[[127   1   1   1]
 [  2  18   0   1]
 [ 11   1 382   0]
 [  0   0   0  25]]",0.9509022703185139,0.9975978892789111,0.968421052631579,0.034454722665249286
