,Matriz,Recall,Roc_Auc,Accuracy,Diversidad PCD
Resultados PF,"[[127   1   2   0]
 [  0  18   3   2]
 [ 13   0 385   0]
 [  2   0   0  17]]",0.9054013245243999,0.9975476804227318,0.9596491228070175,0.029048024100656055
Resultados RF,"[[128   1   0   1]
 [  2  18   0   3]
 [ 16   0 382   0]
 [  0   0   0  19]]",0.9317557688106082,0.9972660761639272,0.9596491228070175,0.0348782562466774
