Resultados PF,"[[21  0  0]
 [ 0 18  0]
 [ 0  1  9]]",0.9666666666666667,0.9985479275801857,0.9387755102040817,0.12244897959183673
Resultados RF,"[[21  0  0]
 [ 0 18  0]
 [ 0  1  9]]",0.9666666666666667,1.0,0.9795918367346939,0.08163265306122448
