,Matriz,Recall,Roc_Auc,Accuracy,Diversidad PCD
Resultados PF,"[[ 68   1  69   0]
 [  0   4  12   1]
 [  8   1 385   0]
 [  1   0   5  15]]",0.6048727038818176,0.9833950113804444,0.8280701754385965,0.5035087719298246
Resultados RF,"[[130   5   1   2]
 [  0  17   0   0]
 [  9   1 384   0]
 [  0   0   0  21]]",0.979162068711837,0.9969378488235427,0.968421052631579,0.312280701754386
