,Recall_score,Auc_score,Accuracy_score,Diversity_PCD,Presicion
diabetes,0.7159799336314905,0.0,0.7564764183185237,0.6836637047163363,0.7329080462926836
